COMMENT,burma14
SORT_BY,14
4220,4287
4219,4287
4218,4287
4217,4287
4216,4287
4215,4287
4214,4287
4213,4289
4212,4289
4211,4290
4210,4290
4209,4290
4208,4290
4207,4290
4206,4290
4205,4290
4204,4290
4203,4290
4202,4290
4201,4290
4200,4290
4199,4290
4198,4290
4197,4290
4196,4290
4195,4290
4194,4290
4193,4290
4192,4290
4191,4290
4190,4290
4189,4290
4188,4290
4187,4290
4186,4290
4185,4290
4184,4290
4183,4290
4182,4290
4181,4290
4180,4290
4179,4290
4178,4290
4177,4290
4176,4290
4175,4290
4174,4290
4173,4290
4172,4290
4171,4290
4170,4290
4169,4290
4168,4290
4167,4290
4166,4290
4165,4290
4164,4290
4163,4290
4162,4290
4161,4290
4160,4290
4159,4290
4158,4290
4157,4290
4156,4290
4155,4290
4154,4290
4153,4290
4152,4290
4151,4290
4150,4290
4149,4290
4148,4290
4147,4290
4146,4290
4145,4290
4144,4290
4143,4290
4142,4290
4141,4290
4140,4290
4139,4290
4138,4290
4137,4290
4136,4290
4135,4290
4134,4290
4133,4290
4132,4290
4131,4290
4130,4290
4129,4290
4128,4290
4127,4290
4126,4290
4125,4290
4124,4290
4123,4290
4122,4290
4121,4290
4120,4290
4119,4290
4118,4290
4117,4290
4116,4290
4115,4290
4114,4290
4113,4290
4112,4290
4111,4290
4110,4290
4109,4290
4108,4290
4107,4290
4106,4290
4105,4290
4104,4290
4103,4290
4102,4290
4101,4290
4100,4290
4099,4290
4098,4290
4097,4290
4096,4290
4095,4290
4094,4290
4093,4290
4092,4290
4091,4290
4090,4290
4089,4290
4088,4292
4087,4292
4086,4292
4085,4292
4084,4294
4083,4294
4082,4294
4081,4294
4080,4294
4079,4310
4078,4310
4077,4310
4076,4310
4075,4310
4074,4310
4073,4310
4072,4310
4071,4310
4070,4310
4069,4310
4068,4310
4067,4310
4066,4310
4065,4310
4064,4310
4063,4310
4062,4310
4061,4310
4060,4310
4059,4310
4058,4310
4057,4310
4056,4310
4055,4310
4054,4310
4053,4310
4052,4310
4051,4310
4050,4310
4049,4310
4048,4310
4047,4310
4046,4310
4045,4310
4044,4310
4043,4310
4042,4310
4041,4310
4040,4310
4039,4310
4038,4310
4037,4310
4036,4310
4035,4310
4034,4310
4033,4310
4032,4310
4031,4310
4030,4310
4029,4310
4028,4310
4027,4310
4026,4313
4025,4313
4024,4316
4023,4316
4022,4317
4021,4317
4020,4319
4019,4319
4018,4322
4017,4322
4016,4323
4015,4323
4014,4323
4013,4323
4012,4323
4011,4323
4010,4323
4009,4323
4008,4323
4007,4323
4006,4323
4005,4323
4004,4323
4003,4323
4002,4323
4001,4323
4000,4323
3999,4323
3998,4323
3997,4323
3996,4323
3995,4323
3994,4323
3993,4323
3992,4323
3991,4323
3990,4323
3989,4323
3988,4323
3987,4323
3986,4323
3985,4323
3984,4323
3983,4323
3982,4323
3981,4323
3980,4323
3979,4323
3978,4323
3977,4323
3976,4323
3975,4323
3974,4326
3973,4326
3972,4327
3971,4329
3970,4329
3969,4329
3968,4329
3967,4329
3966,4329
3965,4329
3964,4329
3963,4329
3962,4329
3961,4330
3960,4331
3959,4331
3958,4331
3957,4331
3956,4331
3955,4331
3954,4331
3953,4331
3952,4331
3951,4331
3950,4333
3949,4333
3948,4333
3947,4333
3946,4333
3945,4334
3944,4335
3943,4336
3942,4336
3941,4336
3940,4336
3939,4336
3938,4336
3937,4336
3936,4336
3935,4336
3934,4336
3933,4336
3932,4336
3931,4336
3930,4336
3929,4337
3928,4337
3927,4337
3926,4337
3925,4337
3924,4337
3923,4337
3922,4337
3921,4337
3920,4337
3919,4337
3918,4337
3917,4337
3916,4337
3915,4337
3914,4337
3913,4337
3912,4337
3911,4337
3910,4337
3909,4337
3908,4337
3907,4337
3906,4337
3905,4337
3904,4337
3903,4337
3902,4337
3901,4337
3900,4337
3899,4337
3898,4337
3897,4337
3896,4337
3895,4337
3894,4337
3893,4337
3892,4337
3891,4337
3890,4337
3889,4337
3888,4337
3887,4337
3886,4337
3885,4337
3884,4337
3883,4337
3882,4337
3881,4337
3880,4337
3879,4337
3878,4337
3877,4337
3876,4337
3875,4337
3874,4337
3873,4337
3872,4337
3871,4337
3870,4337
3869,4337
3868,4337
3867,4337
3866,4337
3865,4337
3864,4337
3863,4337
3862,4337
3861,4337
3860,4337
3859,4337
3858,4337
3857,4337
3856,4337
3855,4337
3854,4337
3853,4337
3852,4337
3851,4337
3850,4337
3849,4337
3848,4337
3847,4337
3846,4337
3845,4337
3844,4337
3843,4337
3842,4337
3841,4337
3840,4337
3839,4337
3838,4337
3837,4337
3836,4337
3835,4337
3834,4337
3833,4337
3832,4337
3831,4337
3830,4337
3829,4337
3828,4337
3827,4337
3826,4337
3825,4337
3824,4337
3823,4337
3822,4337
3821,4337
3820,4337
3819,4337
3818,4337
3817,4337
3816,4337
3815,4337
3814,4337
3813,4337
3812,4337
3811,4337
3810,4337
3809,4337
3808,4337
3807,4337
3806,4337
3805,4337
3804,4337
3803,4337
3802,4337
3801,4337
3800,4337
3799,4337
3798,4337
3797,4337
3796,4337
3795,4337
3794,4338
3793,4338
3792,4338
3791,4338
3790,4338
3789,4339
3788,4339
3787,4339
3786,4339
3785,4339
3784,4340
3783,4340
3782,4340
3781,4340
3780,4340
3779,4341
3778,4341
3777,4341
3776,4341
3775,4341
3774,4342
3773,4342
3772,4342
3771,4342
3770,4342
3769,4343
3768,4343
3767,4343
3766,4343
3765,4343
3764,4344
3763,4344
3762,4344
3761,4344
3760,4344
3759,4344
3758,4344
3757,4344
3756,4344
3755,4344
3754,4344
3753,4344
3752,4344
3751,4344
3750,4344
3749,4344
3748,4344
3747,4344
3746,4344
3745,4344
3744,4344
3743,4344
3742,4344
3741,4344
3740,4344
3739,4344
3738,4344
3737,4344
3736,4344
3735,4344
3734,4344
3733,4344
3732,4344
3731,4344
3730,4344
3729,4344
3728,4344
3727,4344
3726,4344
3725,4344
3724,4344
3723,4344
3722,4344
3721,4344
3720,4344
3719,4344
3718,4344
3717,4344
3716,4344
3715,4344
3714,4344
3713,4344
3712,4344
3711,4344
3710,4344
3709,4344
3708,4344
3707,4344
3706,4344
3705,4345
3704,4345
3703,4345
3702,4345
3701,4345
3700,4345
3699,4345
3698,4345
3697,4345
3696,4345
3695,4345
3694,4345
3693,4345
3692,4345
3691,4345
3690,4345
3689,4345
3688,4345
3687,4345
3686,4345
3685,4345
3684,4346
3683,4346
3682,4346
3681,4346
3680,4346
3679,4346
3678,4346
3677,4346
3676,4346
3675,4346
3674,4346
3673,4346
3672,4346
3671,4346
3670,4346
3669,4346
3668,4346
3667,4346
3666,4346
3665,4346
3664,4346
3663,4346
3662,4346
3661,4346
3660,4346
3659,4346
3658,4346
3657,4346
3656,4346
3655,4360
3654,4360
3653,4360
3652,4360
3651,4360
3650,4360
3649,4360
3648,4360
3647,4360
3646,4362
3645,4362
3644,4362
3643,4362
3642,4362
3641,4363
3640,4364
3639,4364
3638,4364
3637,4364
3636,4364
3635,4364
3634,4364
3633,4364
3632,4364
3631,4364
3630,4364
3629,4364
3628,4364
3627,4364
3626,4364
3625,4364
3624,4364
3623,4364
3622,4364
3621,4364
3620,4364
3619,4364
3618,4364
3617,4364
3616,4364
3615,4364
3614,4364
3613,4364
3612,4364
3611,4364
3610,4364
3609,4364
3608,4364
3607,4364
3606,4364
3605,4364
3604,4364
3603,4364
3602,4364
3601,4364
3600,4364
3599,4364
3598,4364
3597,4364
3596,4364
3595,4364
3594,4364
3593,4364
3592,4364
3591,4364
3590,4364
3589,4364
3588,4364
3587,4364
3586,4364
3585,4364
3584,4364
3583,4364
3582,4364
3581,4364
3580,4364
3579,4364
3578,4364
3577,4364
3576,4364
3575,4364
3574,4364
3573,4364
3572,4364
3571,4364
3570,4364
3569,4364
3568,4364
3567,4364
3566,4364
3565,4364
3564,4364
3563,4364
3562,4364
3561,4364
3560,4364
3559,4364
3558,4364
3557,4364
3556,4364
3555,4364
3554,4364
3553,4364
3552,4364
3551,4364
3550,4364
3549,4364
3548,4364
3547,4364
3546,4364
3545,4364
3544,4364
3543,4364
3542,4364
3541,4364
3540,4364
3539,4364
3538,4364
3537,4364
3536,4364
3535,4364
3534,4364
3533,4364
3532,4364
3531,4365
3530,4366
3529,4366
3528,4366
3527,4366
3526,4366
3525,4366
3524,4367
3523,4367
3522,4367
3521,4367
3520,4367
3519,4367
3518,4367
3517,4367
3516,4367
3515,4367
3514,4367
3513,4367
3512,4367
3511,4367
3510,4367
3509,4367
3508,4367
3507,4367
3506,4367
3505,4367
3504,4367
3503,4367
3502,4367
3501,4367
3500,4367
3499,4367
3498,4367
3497,4367
3496,4367
3495,4367
3494,4367
3493,4367
3492,4367
3491,4367
3490,4367
3489,4367
3488,4367
3487,4367
3486,4367
3485,4367
3484,4367
3483,4367
3482,4367
3481,4367
3480,4367
3479,4367
3478,4367
3477,4367
3476,4367
3475,4367
3474,4367
3473,4367
3472,4367
3471,4367
3470,4367
3469,4367
3468,4367
3467,4367
3466,4367
3465,4367
3464,4367
3463,4367
3462,4367
3461,4367
3460,4367
3459,4367
3458,4367
3457,4367
3456,4367
3455,4367
3454,4367
3453,4367
3452,4367
3451,4367
3450,4367
3449,4367
3448,4369
3447,4369
3446,4369
3445,4369
3444,4369
3443,4369
3442,4369
3441,4369
3440,4369
3439,4369
3438,4369
3437,4369
3436,4369
3435,4369
3434,4369
3433,4369
3432,4369
3431,4369
3430,4369
3429,4369
3428,4369
3427,4369
3426,4369
3425,4369
3424,4369
3423,4369
3422,4375
3421,4375
3420,4375
3419,4375
3418,4375
3417,4375
3416,4376
3415,4376
3414,4376
3413,4376
3412,4376
3411,4376
3410,4376
3409,4376
3408,4376
3407,4376
3406,4376
3405,4376
3404,4376
3403,4376
3402,4376
3401,4376
3400,4376
3399,4376
3398,4376
3397,4376
3396,4376
3395,4376
3394,4376
3393,4376
3392,4376
3391,4376
3390,4376
3389,4376
3388,4376
3387,4376
3386,4376
3385,4376
3384,4376
3383,4376
3382,4376
3381,4376
3380,4376
3379,4376
3378,4376
3377,4376
3376,4376
3375,4376
3374,4376
3373,4376
3372,4376
3371,4376
3370,4376
3369,4376
3368,4376
3367,4376
3366,4376
3365,4376
3364,4376
3363,4376
3362,4376
3361,4376
3360,4376
3359,4376
3358,4376
3357,4376
3356,4376
3355,4376
3354,4376
3353,4376
3352,4376
3351,4376
3350,4376
3349,4376
3348,4376
3347,4376
3346,4376
3345,4376
3344,4376
3343,4376
3342,4376
3341,4376
3340,4376
3339,4376
3338,4376
3337,4376
3336,4376
3335,4376
3334,4376
3333,4376
3332,4376
3331,4376
3330,4376
3329,4376
3328,4376
3327,4376
3326,4376
3325,4376
3324,4376
3323,4376
3322,4376
3321,4376
3320,4376
3319,4376
3318,4376
3317,4376
3316,4376
3315,4376
3314,4376
3313,4376
3312,4376
3311,4376
3310,4376
3309,4376
3308,4376
3307,4376
3306,4376
3305,4376
3304,4376
3303,4376
3302,4376
3301,4376
3300,4376
3299,4376
3298,4376
3297,4376
3296,4376
3295,4376
3294,4376
3293,4376
3292,4376
3291,4376
3290,4376
3289,4376
3288,4376
3287,4376
3286,4376
3285,4376
3284,4376
3283,4376
3282,4376
3281,4376
3280,4376
3279,4376
3278,4376
3277,4376
3276,4376
3275,4376
3274,4376
3273,4376
3272,4376
3271,4376
3270,4376
3269,4376
3268,4376
3267,4376
3266,4376
3265,4376
3264,4376
3263,4376
3262,4376
3261,4376
3260,4376
3259,4376
3258,4376
3257,4376
3256,4376
3255,4376
3254,4376
3253,4376
3252,4376
3251,4376
3250,4376
3249,4376
3248,4376
3247,4376
3246,4376
3245,4376
3244,4376
3243,4376
3242,4376
3241,4376
3240,4376
3239,4376
3238,4376
3237,4376
3236,4376
3235,4376
3234,4376
3233,4376
3232,4376
3231,4376
3230,4376
3229,4376
3228,4376
3227,4376
3226,4376
3225,4376
3224,4376
3223,4376
3222,4376
3221,4376
3220,4376
3219,4376
3218,4376
3217,4376
3216,4376
3215,4376
3214,4376
3213,4376
3212,4376
3211,4376
3210,4376
3209,4376
3208,4376
3207,4376
3206,4376
3205,4376
3204,4376
3203,4376
3202,4376
3201,4376
3200,4376
3199,4376
3198,4376
3197,4376
3196,4376
3195,4376
3194,4376
3193,4376
3192,4376
3191,4376
3190,4376
3189,4376
3188,4376
3187,4376
3186,4376
3185,4376
3184,4376
3183,4376
3182,4376
3181,4376
3180,4376
3179,4376
3178,4376
3177,4376
3176,4376
3175,4376
3174,4376
3173,4376
3172,4376
3171,4376
3170,4376
3169,4376
3168,4376
3167,4376
3166,4376
3165,4376
3164,4376
3163,4376
3162,4376
3161,4376
3160,4376
3159,4376
3158,4376
3157,4376
3156,4376
3155,4376
3154,4376
3153,4376
3152,4376
3151,4376
3150,4376
3149,4376
3148,4376
3147,4376
3146,4376
3145,4376
3144,4376
3143,4376
3142,4376
3141,4376
3140,4376
3139,4376
3138,4376
3137,4376
3136,4376
3135,4376
3134,4376
3133,4376
3132,4376
3131,4376
3130,4376
3129,4376
3128,4376
3127,4376
3126,4376
3125,4376
3124,4376
3123,4376
3122,4376
3121,4376
3120,4376
3119,4376
3118,4376
3117,4376
3116,4376
3115,4376
3114,4376
3113,4376
3112,4376
3111,4376
3110,4376
3109,4376
3108,4376
3107,4376
3106,4376
3105,4376
3104,4376
3103,4376
3102,4376
3101,4376
3100,4376
3099,4376
3098,4376
3097,4376
3096,4376
3095,4376
3094,4376
3093,4376
3092,4376
3091,4376
3090,4376
3089,4376
3088,4376
3087,4376
3086,4376
3085,4376
3084,4376
3083,4376
3082,4376
3081,4376
3080,4376
3079,4376
3078,4376
3077,4376
3076,4376
3075,4376
3074,4378
3073,4378
3072,4378
3071,4378
3070,4378
3069,4380
3068,4380
3067,4380
3066,4380
3065,4380
3064,4381
3063,4381
3062,4381
3061,4381
3060,4386
3059,4386
3058,4386
3057,4386
3056,4386
3055,4386
3054,4386
3053,4386
3052,4386
3051,4386
3050,4386
3049,4386
3048,4386
3047,4386
3046,4386
3045,4386
3044,4386
3043,4386
3042,4386
3041,4386
3040,4386
3039,4386
3038,4386
3037,4386
3036,4386
3035,4386
3034,4386
3033,4386
3032,4386
3031,4386
3030,4386
3029,4386
3028,4386
3027,4386
3026,4386
3025,4386
3024,4386
3023,4386
3022,4386
3021,4386
3020,4386
3019,4386
3018,4386
3017,4386
3016,4386
3015,4386
3014,4386
3013,4386
3012,4386
3011,4386
3010,4386
3009,4386
3008,4386
3007,4386
3006,4386
3005,4386
3004,4386
3003,4386
3002,4386
3001,4386
3000,4386
2999,4386
2998,4386
2997,4386
2996,4386
2995,4386
2994,4386
2993,4386
2992,4386
2991,4386
2990,4386
2989,4386
2988,4386
2987,4386
2986,4386
2985,4386
2984,4386
2983,4386
2982,4386
2981,4386
2980,4386
2979,4386
2978,4386
2977,4386
2976,4386
2975,4386
2974,4386
2973,4386
2972,4386
2971,4386
2970,4386
2969,4386
2968,4386
2967,4386
2966,4386
2965,4386
2964,4386
2963,4386
2962,4386
2961,4386
2960,4386
2959,4386
2958,4386
2957,4386
2956,4386
2955,4386
2954,4386
2953,4386
2952,4386
2951,4386
2950,4386
2949,4386
2948,4386
2947,4386
2946,4386
2945,4386
2944,4386
2943,4386
2942,4386
2941,4386
2940,4386
2939,4386
2938,4386
2937,4386
2936,4387
2935,4387
2934,4387
2933,4387
2932,4390
2931,4390
2930,4393
2929,4393
2928,4398
2927,4398
2926,4398
2925,4398
2924,4403
2923,4405
2922,4411
2921,4412
2920,4412
2919,4412
2918,4422
2917,4422
2916,4424
2915,4424
2914,4425
2913,4425
2912,4425
2911,4425
2910,4426
2909,4426
2908,4426
2907,4426
2906,4427
2905,4427
2904,4427
2903,4427
2902,4428
2901,4428
2900,4428
2899,4428
2898,4429
2897,4429
2896,4429
2895,4429
2894,4430
2893,4430
2892,4430
2891,4430
2890,4433
2889,4433
2888,4434
2887,4434
2886,4434
2885,4434
2884,4438
2883,4439
2882,4439
2881,4439
2880,4440
2879,4440
2878,4443
2877,4502
2876,4503
2875,4504
2874,4505
2873,4505
2872,4506
2871,4508
2870,4512
2869,4513
2868,4515
2867,4523
2866,4525
2865,4525
2864,4528
2863,4528
2862,4528
2861,4528
2860,4529
2859,4535
2858,4535
2857,4538
2856,4538
2855,4541
2854,4542
2853,4542
2852,4545
2851,4553
2850,4554
2849,4557
2848,4559
2847,4561
2846,4565
2845,4570
2844,4570
2843,4575
2842,4576
2841,4577
2840,4579
2839,4583
2838,4583
2837,4587
2836,4587
2835,4589
2834,4589
2833,4592
2832,4596
2831,4597
2830,4599
2829,4612
2828,4615
2827,4622
2826,4623
2825,4629
2824,4630
2823,4630
2822,4633
2821,4673
2820,4674
2819,4675
2818,4738
2817,4740
2816,4747
2815,4750
2814,4752
2813,4754
2812,4754
2811,4754
2810,4754
2809,4761
2808,4763
2807,4766
2806,4770
2805,4770
2804,4774
2803,4775
2802,4775
2801,4779
2800,4781
2799,4781
2798,4786
2797,4791
2796,4792
2795,4792
2794,4793
2793,4794
2792,4794
2791,4794
2790,4796
2789,4796
2788,4797
2787,4799
2786,4799
2785,4801
2784,4801
2783,4801
2782,4801
2781,4801
2780,4801
2779,4801
2778,4801
2777,4803
2776,4803
2775,4803
2774,4805
2773,4805
2772,4807
2771,4807
2770,4809
2769,4809
2768,4809
2767,4809
2766,4809
2765,4809
2764,4813
2763,4813
2762,4813
2761,4815
2760,4815
2759,4817
2758,4818
2757,4819
2756,4820
2755,4821
2754,4833
2753,4869
2752,5118
2751,5123
2750,5126
2749,5130
2748,5132
2747,5140
2746,5144
2745,5146
2744,5152
2743,5158
2742,5162
2741,5164
2740,5170
2739,5176
2738,5182
2737,5182
2736,5182
2735,5182
2734,5182
2733,5182
2732,5182
2731,5182
2730,5182
2729,5182
2728,5182
2727,5182
2726,5186
2725,5194
2724,5198
2723,5204
2722,5206
2721,5212
2720,5218
2719,5220
2718,5226
2717,5232
2716,5238
2715,5240
2714,5246
2713,5252
2712,5258
2711,5258
2710,5258
2709,5258
2708,5258
2707,5258
2706,5265
2705,5271
2704,5277
2703,5293
2702,5296
2701,5299
2700,5301
2699,5303
2698,5305
2697,5307
2696,5309
2695,5311
2694,5313
2693,5315
2692,5317
2691,5319
2690,5321
2689,5323
2688,5323
2687,5323
2686,5323
2685,5323
2684,5323
2683,5323
2682,5323
2681,5323
2680,5323
2679,5323
2678,5323
2677,5323
2676,5324
2675,5324
2674,5324
2673,5328
2672,5332
2671,5346
2670,5363
2669,5365
2668,5382
2667,5400
2666,5404
2665,5415
2664,5419
2663,5424
2662,5426
2661,5432
2660,5441
2659,5448
2658,5449
2657,5450
2656,5450
2655,5450
2654,5451
2653,5452
2652,5452
2651,5453
2650,5465
2649,5467
2648,5479
2647,5481
2646,5488
2645,5495
2644,5496
2643,5496
2642,5496
2641,5496
2640,5497
2639,5497
2638,5499
2637,5500
2636,5501
2635,5502
2634,5506
2633,5506
2632,5507
2631,5517
2630,5517
2629,5520
2628,5520
2627,5523
2626,5523
2625,5523
2624,5523
2623,5523
2622,5523
2621,5523
2620,5523
2619,5523
2618,5523
2617,5523
2616,5524
2615,5525
2614,5526
2613,5526
2612,5526
2611,5526
2610,5526
2609,5526
2608,5526
2607,5526
2606,5526
2605,5526
2604,5526
2603,5526
2602,5526
2601,5526
2600,5526
2599,5526
2598,5526
2597,5526
2596,5526
2595,5526
2594,5526
2593,5526
2592,5526
2591,5526
2590,5526
2589,5526
2588,5526
2587,5526
2586,5526
2585,5526
2584,5526
2583,5526
2582,5526
2581,5526
2580,5526
2579,5526
2578,5526
2577,5526
2576,5526
2575,5526
2574,5526
2573,5526
2572,5526
2571,5526
2570,5526
2569,5526
2568,5526
2567,5526
2566,5526
2565,5526
2564,5526
2563,5526
2562,5526
2561,5526
2560,5526
2559,5526
2558,5526
2557,5526
2556,5526
2555,5526
2554,5526
2553,5526
2552,5526
2551,5526
2550,5526
2549,5526
2548,5526
2547,5526
2546,5526
2545,5526
2544,5526
2543,5526
2542,5526
2541,5526
2540,5526
2539,5526
2538,5526
2537,5526
2536,5526
2535,5526
2534,5526
2533,5526
2532,5526
2531,5526
2530,5526
2529,5526
2528,5526
2527,5526
2526,5526
2525,5526
2524,5526
2523,5526
2522,5526
2521,5526
2520,5526
2519,5526
2518,5526
2517,5526
2516,5526
2515,5526
2514,5526
2513,5526
2512,5526
2511,5526
2510,5526
2509,5526
2508,5526
2507,5526
2506,5526
2505,5526
2504,5526
2503,5526
2502,5526
2501,5526
2500,5526
2499,5526
2498,5526
2497,5526
2496,5526
2495,5526
2494,5526
2493,5526
2492,5526
2491,5526
2490,5526
2489,5526
2488,5526
2487,5526
2486,5526
2485,5527
2484,5527
2483,5527
2482,5527
2481,5527
2480,5527
2479,5527
2478,5527
2477,5527
2476,5527
2475,5527
2474,5527
2473,5527
2472,5527
2471,5527
2470,5527
2469,5527
2468,5527
2467,5527
2466,5527
2465,5527
2464,5527
2463,5527
2462,5527
2461,5527
2460,5527
2459,5527
2458,5527
2457,5527
2456,5527
2455,5527
2454,5527
2453,5527
2452,5527
2451,5527
2450,5527
2449,5527
2448,5527
2447,5527
2446,5527
2445,5527
2444,5527
2443,5527
2442,5527
2441,5527
2440,5527
2439,5527
2438,5527
2437,5527
2436,5527
2435,5527
2434,5527
2433,5527
2432,5527
2431,5527
2430,5527
2429,5527
2428,5527
2427,5527
2426,5527
2425,5527
2424,5528
2423,5528
2422,5528
2421,5528
2420,5528
2419,5528
2418,5528
2417,5528
2416,5528
2415,5528
2414,5528
2413,5528
2412,5528
2411,5528
2410,5528
2409,5528
2408,5528
2407,5528
2406,5528
2405,5528
2404,5528
2403,5528
2402,5528
2401,5528
2400,5528
2399,5528
2398,5528
2397,5530
2396,5530
2395,5532
2394,5534
2393,5536
2392,5538
2391,5539
2390,5540
2389,5540
2388,5540
2387,5540
2386,5540
2385,5540
2384,5540
2383,5540
2382,5540
2381,5540
2380,5540
2379,5540
2378,5540
2377,5540
2376,5540
2375,5540
2374,5540
2373,5540
2372,5540
2371,5540
2370,5540
2369,5540
2368,5540
2367,5540
2366,5540
2365,5540
2364,5540
2363,5540
2362,5540
2361,5540
2360,5540
2359,5540
2358,5540
2357,5540
2356,5540
2355,5540
2354,5540
2353,5540
2352,5540
2351,5540
2350,5540
2349,5540
2348,5540
2347,5540
2346,5540
2345,5540
2344,5540
2343,5540
2342,5540
2341,5540
2340,5540
2339,5540
2338,5540
2337,5540
2336,5540
2335,5540
2334,5541
2333,5544
2332,5544
2331,5544
2330,5544
2329,5544
2328,5544
2327,5544
2326,5544
2325,5544
2324,5544
2323,5544
2322,5544
2321,5544
2320,5545
2319,5545
2318,5545
2317,5545
2316,5545
2315,5545
2314,5545
2313,5545
2312,5545
2311,5545
2310,5545
2309,5545
2308,5545
2307,5545
2306,5545
2305,5545
2304,5545
2303,5545
2302,5545
2301,5545
2300,5545
2299,5545
2298,5547
2297,5547
2296,5547
2295,5547
2294,5547
2293,5547
2292,5547
2291,5547
2290,5547
2289,5547
2288,5547
2287,5547
2286,5547
2285,5547
2284,5547
2283,5547
2282,5547
2281,5547
2280,5547
2279,5547
2278,5547
2277,5547
2276,5547
2275,5547
2274,5547
2273,5547
2272,5547
2271,5547
2270,5547
2269,5547
2268,5547
2267,5547
2266,5547
2265,5547
2264,5547
2263,5547
2262,5547
2261,5547
2260,5547
2259,5547
2258,5547
2257,5547
2256,5547
2255,5547
2254,5548
2253,5549
2252,5551
2251,5551
2250,5551
2249,5551
2248,5551
2247,5551
2246,5551
2245,5551
2244,5551
2243,5551
2242,5551
2241,5551
2240,5551
2239,5551
2238,5551
2237,5551
2236,5551
2235,5551
2234,5551
2233,5551
2232,5551
2231,5551
2230,5551
2229,5551
2228,5551
2227,5551
2226,5551
2225,5551
2224,5551
2223,5551
2222,5551
2221,5551
2220,5551
2219,5551
2218,5551
2217,5551
2216,5551
2215,5551
2214,5551
2213,5551
2212,5551
2211,5551
2210,5551
2209,5551
2208,5551
2207,5551
2206,5551
2205,5551
2204,5551
2203,5551
2202,5551
2201,5551
2200,5551
2199,5551
2198,5552
2197,5555
2196,5555
2195,5556
2194,5556
2193,5556
2192,5556
2191,5556
2190,5556
2189,5557
2188,5558
2187,5559
2186,5561
2185,5562
2184,5563
2183,5563
2182,5563
2181,5564
2180,5564
2179,5565
2178,5565
2177,5566
2176,5566
2175,5567
2174,5567
2173,5567
2172,5567
2171,5569
2170,5569
2169,5569
2168,5569
2167,5569
2166,5569
2165,5570
2164,5572
2163,5572
2162,5572
2161,5573
2160,5573
2159,5573
2158,5573
2157,5573
2156,5573
2155,5573
2154,5583
2153,5586
2152,5586
2151,5588
2150,5591
2149,5596
2148,5600
2147,5602
2146,5614
2145,5619
2144,5622
2143,5625
2142,5627
2141,5630
2140,5633
2139,5691
2138,5703
2137,5705
2136,5705
2135,5707
2134,5709
2133,5711
2132,5713
2131,5715
2130,5717
2129,5719
2128,5721
2127,5723
2126,5725
2125,5725
2124,5725
2123,5723
2122,5723
2121,5723
2120,5726
2119,5735
2118,5743
2117,5747
2116,5747
2115,5747
2114,5745
2113,5747
2112,5749
2111,5747
2110,5747
2109,5749
2108,5749
2107,5749
2106,5749
2105,5749
2104,5749
2103,5749
2102,5751
2101,5753
2100,5753
2099,5753
2098,5754
2097,5759
2096,5763
2095,5768
2094,5773
2093,5782
2092,6717
2091,6720
2090,6724
2089,6726
2088,6728
2087,6730
2086,6732
2085,6734
2084,6737
2083,6740
2082,6743
2081,6745
2080,6749
2079,6754
2078,6758
2077,6761
2076,6764
2075,6764
2074,6764
2073,6771
2072,6771
2071,6774
2070,6782
2069,6783
2068,6785
2067,6790
2066,6791
2065,6795
2064,6798
2063,6801
2062,6803
2061,6803
2060,6803
2059,6804
2058,6804
2057,6808
2056,6810
2055,6812
2054,6813
2053,6815
2052,6819
2051,6820
2050,6820
2049,6824
2048,6829
2047,6832
2046,6835
2045,6838
2044,6839
2043,6872
2042,6872
2041,6874
2040,6874
2039,6876
2038,6880
2037,6881
2036,6884
2035,6884
2034,6885
2033,6885
2032,6885
2031,6885
2030,6887
2029,6889
2028,6889
2027,6891
2026,6894
2025,6901
2024,6880
2023,6881
2022,6886
2021,6893
2020,6874
2019,6875
2018,6882
2017,6887
2016,6803
2015,6784
2014,6785
2013,6786
2012,6788
2011,6764
2010,6757
2009,6762
2008,6763
2007,6765
2006,6764
2005,6772
2004,6778
2003,6780
2002,6787
2001,6793
2000,6794
1999,6794
1998,6796
1997,6796
1996,6796
1995,6797
1994,6802
1993,6802
1992,6805
1991,6807
1990,6809
1989,6809
1988,6815
1987,6815
1986,6819
1985,6821
1984,6821
1983,6821
1982,6824
1981,6826
1980,6832
1979,6832
1978,6832
1977,6832
1976,6827
1975,6827
1974,6829
1973,6829
1972,6829
1971,6829
1970,6829
1969,6833
1968,6842
1967,6834
1966,6835
1965,6836
1964,6836
1963,6836
1962,6839
1961,6839
1960,6841
1959,6843
1958,6843
1957,6843
1956,6877
1955,6877
1954,6879
1953,6879
1952,6881
1951,6883
1950,6883
1949,6885
1948,6907
1947,6910
1946,6912
1945,6914
1944,6917
1943,6918
1942,6921
1941,6925
1940,6949
1939,6949
1938,6951
1937,6953
1936,6956
1935,6956
1934,6956
1933,6958
1932,6981
1931,6982
1930,6994
1929,6994
1928,7005
1927,7006
1926,7006
1925,7006
1924,7006
1923,7006
1922,7006
1921,7006
1920,7022
1919,7022
1918,7084
1917,7084
1916,7094
1915,7122
1914,7122
1913,7122
1912,7135
1911,7136
1910,7136
1909,7136
1908,7136
1907,7137
1906,7137
1905,7137
1904,7138
1903,7139
1902,7141
1901,7142
1900,7142
1899,7143
1898,7144
1897,7145
1896,7147
1895,7149
1894,7153
1893,7154
1892,7156
1891,7158
1890,7160
1889,7166
1888,7168
1887,7169
1886,7170
1885,7170
1884,7170
1883,7170
1882,7170
1881,7170
1880,7170
1879,7170
1878,7172
1877,7172
1876,7172
1875,7172
1874,7174
1873,7174
1872,7174
1871,7174
1870,7175
1869,7175
1868,7175
1867,7175
1866,7175
1865,7175
1864,7175
1863,7175
1862,7175
1861,7175
1860,7175
1859,7175
1858,7175
1857,7175
1856,7175
1855,7175
1854,7175
1853,7175
1852,7179
1851,7180
1850,7181
1849,7180
1848,7181
1847,7183
1846,7183
1845,7183
1844,7183
1843,7183
1842,7183
1841,7183
1840,7183
1839,7183
1838,7183
1837,7183
1836,7184
1835,7184
1834,7184
1833,7184
1832,7184
1831,7184
1830,7184
1829,7184
1828,7184
1827,7184
1826,7185
1825,7185
1824,7185
1823,7186
1822,7186
1821,7186
1820,7186
1819,7186
1818,7186
1817,7186
1816,7186
1815,7186
1814,7186
1813,7186
1812,7186
1811,7186
1810,7194
1809,7194
1808,7194
1807,7194
1806,7194
1805,7195
1804,7195
1803,7195
1802,7196
1801,7196
1800,7204
1799,7204
1798,7204
1797,7204
1796,7212
1795,7212
1794,7212
1793,7212
1792,7212
1791,7212
1790,7212
1789,7212
1788,7212
1787,7212
1786,7212
1785,7212
1784,7212
1783,7212
1782,7212
1781,7213
1780,7214
1779,7214
1778,7214
1777,7214
1776,7214
1775,7214
1774,7214
1773,7215
1772,7216
1771,7216
1770,7216
1769,7216
1768,7216
1767,7216
1766,7215
1765,7215
1764,7215
1763,7215
1762,7215
1761,7213
1760,7214
1759,7214
1758,7214
1757,7214
1756,7214
1755,7213
1754,7213
1753,7213
1752,7213
1751,7214
1750,7214
1749,7214
1748,7214
1747,7214
1746,7214
1745,7214
1744,7223
1743,7224
1742,7224
1741,7224
1740,7224
1739,7223
1738,7223
1737,7223
1736,7223
1735,7223
1734,7224
1733,7225
1732,7225
1731,7233
1730,7233
1729,7233
1728,7235
1727,7243
1726,7243
1725,7243
1724,7243
1723,7243
1722,7243
1721,7243
1720,7243
1719,7243
1718,7243
1717,7245
1716,7246
1715,7248
1714,7251
1713,7251
1712,7253
1711,7253
1710,7255
1709,7255
1708,7255
1707,7259
1706,7261
1705,7263
1704,7263
1703,7263
1702,7263
1701,7265
1700,7266
1699,7266
1698,7266
1697,7266
1696,7266
1695,7266
1694,7266
1693,7266
1692,7266
1691,7266
1690,7266
1689,7266
1688,7266
1687,7266
1686,7266
1685,7266
1684,7266
1683,7266
1682,7266
1681,7266
1680,7266
1679,7266
1678,7268
1677,7270
1676,7272
1675,7272
1674,7272
1673,7272
1672,7272
1671,7274
1670,7278
1669,7278
1668,7278
1667,7278
1666,7278
1665,7278
1664,7278
1663,7278
1662,7278
1661,7278
1660,7282
1659,7290
1658,7296
1657,7296
1656,7296
1655,7297
1654,7297
1653,7299
1652,7300
1651,7300
1650,7301
1649,7303
1648,7303
1647,7303
1646,7303
1645,7303
1644,7303
1643,7303
1642,7303
1641,7303
1640,7303
1639,7303
1638,7303
1637,7303
1636,7303
1635,7303
1634,7303
1633,7303
1632,7303
1631,7303
1630,7303
1629,7303
1628,7305
1627,7308
1626,7310
1625,7313
1624,7315
1623,7317
1622,7317
1621,7317
1620,7317
1619,7319
1618,7327
1617,7336
1616,7337
1615,7338
1614,7339
1613,7339
1612,7341
1611,7343
1610,7343
1609,7344
1608,7346
1607,7347
1606,7347
1605,7347
1604,7347
1603,7347
1602,7347
1601,7347
1600,7347
1599,7347
1598,7347
1597,7347
1596,7347
1595,7347
1594,7347
1593,7347
1592,7347
1591,7347
1590,7347
1589,7347
1588,7347
1587,7347
1586,7347
1585,7347
1584,7347
1583,7347
1582,7347
1581,7347
1580,7347
1579,7347
1578,7347
1577,7349
1576,7351
1575,7351
1574,7351
1573,7351
1572,7351
1571,7351
1570,7351
1569,7351
1568,7354
1567,7361
1566,7361
1565,7362
1564,7362
1563,7362
1562,7362
1561,7363
1560,7365
1559,7366
1558,7368
1557,7369
1556,7370
1555,7370
1554,7370
1553,7370
1552,7370
1551,7370
1550,7370
1549,7370
1548,7370
1547,7370
1546,7370
1545,7370
1544,7370
1543,7390
1542,7390
1541,7390
1540,7390
1539,7390
1538,7412
1537,7412
1536,7412
1535,7412
1534,7423
1533,7423
1532,7423
1531,7423
1530,7423
1529,7423
1528,7423
1527,7423
1526,7423
1525,7423
1524,7423
1523,7423
1522,7423
1521,7423
1520,7423
1519,7423
1518,7423
1517,7423
1516,7423
1515,7423
1514,7423
1513,7423
1512,7423
1511,7423
1510,7423
1509,7423
1508,7423
1507,7423
1506,7423
1505,7423
1504,7423
1503,7423
1502,7423
1501,7423
1500,7423
1499,7423
1498,7423
1497,7423
1496,7423
1495,7423
1494,7424
1493,7425
1492,7427
1491,7427
1490,7427
1489,7427
1488,7427
1487,7427
1486,7427
1485,7427
1484,7427
1483,7427
1482,7427
1481,7427
1480,7427
1479,7427
1478,7427
1477,7427
1476,7427
1475,7427
1474,7427
1473,7427
1472,7427
1471,7427
1470,7427
1469,7427
1468,7427
1467,7427
1466,7427
1465,7427
1464,7427
1463,7427
1462,7427
1461,7427
1460,7427
1459,7427
1458,7427
1457,7427
1456,7427
1455,7427
1454,7427
1453,7427
1452,7427
1451,7427
1450,7427
1449,7427
1448,7427
1447,7427
1446,7427
1445,7427
1444,7427
1443,7428
1442,7428
1441,7428
1440,7428
1439,7428
1438,7428
1437,7428
1436,7428
1435,7428
1434,7428
1433,7428
1432,7428
1431,7428
1430,7428
1429,7428
1428,7428
1427,7428
1426,7428
1425,7428
1424,7428
1423,7428
1422,7428
1421,7428
1420,7428
1419,7428
1418,7428
1417,7428
1416,7428
1415,7428
1414,7428
1413,7428
1412,7428
1411,7428
1410,7428
1409,7428
1408,7428
1407,7428
1406,7428
1405,7429
1404,7431
1403,7431
1402,7431
1401,7432
1400,7432
1399,7432
1398,7432
1397,7432
1396,7432
1395,7432
1394,7432
1393,7432
1392,7432
1391,7432
1390,7432
1389,7432
1388,7432
1387,7432
1386,7432
1385,7432
1384,7432
1383,7432
1382,7432
1381,7432
1380,7432
1379,7432
1378,7432
1377,7432
1376,7432
1375,7432
1374,7432
1373,7432
1372,7432
1371,7432
1370,7432
1369,7432
1368,7432
1367,7432
1366,7432
1365,7432
1364,7432
1363,7432
1362,7432
1361,7432
1360,7432
1359,7432
1358,7432
1357,7432
1356,7432
1355,7432
1354,7432
1353,7432
1352,7432
1351,7432
1350,7432
1349,7432
1348,7432
1347,7432
1346,7432
1345,7432
1344,7432
1343,7434
1342,7438
1341,7438
1340,7440
1339,7443
1338,7445
1337,7445
1336,7445
1335,7445
1334,7445
1333,7445
1332,7445
1331,7445
1330,7445
1329,7445
1328,7445
1327,7445
1326,7445
1325,7445
1324,7445
1323,7445
1322,7445
1321,7445
1320,7446
1319,7446
1318,7446
1317,7446
1316,7446
1315,7470
1314,7470
1313,7470
1312,7471
1311,7471
1310,7471
1309,7471
1308,7471
1307,7471
1306,7471
1305,7471
1304,7472
1303,7472
1302,7472
1301,7472
1300,7472
1299,7472
1298,7472
1297,7472
1296,7473
1295,7473
1294,7473
1293,7473
1292,7473
1291,7473
1290,7473
1289,7474
1288,7474
1287,7474
1286,7474
1285,7474
1284,7474
1283,7474
1282,7474
1281,7474
1280,7474
1279,7474
1278,7474
1277,7474
1276,7474
1275,7474
1274,7474
1273,7474
1272,7474
1271,7474
1270,7474
1269,7474
1268,7474
1267,7474
1266,7474
1265,7474
1264,7474
1263,7499
1262,7499
1261,7499
1260,7499
1259,7499
1258,7499
1257,7499
1256,7499
1255,7522
1254,7529
1253,7529
1252,7529
1251,7529
1250,7529
1249,7537
1248,7537
1247,7538
1246,7538
1245,7538
1244,7539
1243,7540
1242,7540
1241,7545
1240,7546
1239,7548
1238,7554
1237,7559
1236,7564
1235,7565
1234,7570
1233,7574
1232,7574
1231,7574
1230,7574
1229,7578
1228,7578
1227,7578
1226,7578
1225,7582
1224,7582
1223,7582
1222,7582
1221,7582
1220,7582
1219,7582
1218,7582
1217,7586
1216,7586
1215,7586
1214,7587
1213,7589
1212,7591
1211,7593
1210,7594
1209,7596
1208,7597
1207,7597
1206,7597
1205,7597
1204,7598
1203,7601
1202,7605
1201,7605
1200,7605
1199,7609
1198,7613
1197,7630
1196,7637
1195,7669
1194,7674
1193,7678
1192,7682
1191,7686
1190,7691
1189,7701
1188,7702
1187,7731
1186,7732
1185,7736
1184,7740
1183,7740
1182,7747
1181,7747
1180,7747
1179,7747
1178,7747
1177,7747
1176,7747
1175,7747
1174,7747
1173,7748
1172,7749
1171,7750
1170,7755
1169,7760
1168,7765
1167,7769
1166,7770
1165,7772
1164,7795
1163,7795
1162,7817
1161,7821
1160,7825
1159,7829
1158,7829
1157,7832
1156,7836
1155,7836
1154,7836
1153,7841
1152,7845
1151,7876
1150,7876
1149,7880
1148,7880
1147,7880
1146,7880
1145,7882
1144,7885
1143,7886
1142,7887
1141,7888
1140,11350
1139,11388
1138,11400
1137,11406
1136,11413
1135,11426
1134,11427
1133,11436
1132,11438
1131,11442
1130,11442
1129,11442
1128,11444
1127,15032
1126,15062
1125,15065
1124,15066
1123,15083
1122,15084
1121,15084
1120,15084
1119,15084
1118,15108
1117,15128
1116,15148
1115,15160
1114,15172
1113,15184
1112,15196
1111,15208
1110,15220
1109,15234
1108,15246
1107,15264
1106,15276
1105,15289
1104,15301
1103,15301
1102,15301
1101,15301
1100,15309
1099,15309
1098,15309
1097,15309
1096,15325
1095,15337
1094,15349
1093,15369
1092,15381
1091,15381
1090,15381
1089,15381
1088,15381
1087,15381
1086,15387
1085,15387
1084,15400
1083,15401
1082,15402
1081,15403
1080,15404
1079,15415
1078,15425
1077,15435
1076,15445
1075,15451
1074,15459
1073,15465
1072,15471
1071,15477
1070,15484
1069,15495
1068,15501
1067,15507
1066,15514
1065,15521
1064,15522
1063,15522
1062,15527
1061,15527
1060,15534
1059,15540
1058,15548
1057,15554
1056,15562
1055,15566
1054,15567
1053,15567
1052,15567
1051,15575
1050,15575
1049,15576
1048,15580
1047,15582
1046,15584
1045,15584
1044,15584
1043,15584
1042,15584
1041,15584
1040,15588
1039,15590
1038,15590
1037,15590
1036,15590
1035,15590
1034,15590
1033,15590
1032,15596
1031,15596
1030,15596
1029,15596
1028,15596
1027,15596
1026,15596
1025,15598
1024,15602
1023,15602
1022,15602
1021,15602
1020,15602
1019,15602
1018,15604
1017,15604
1016,15604
1015,15604
1014,15604
1013,15606
1012,15606
1011,15606
1010,15606
1009,15606
1008,15608
1007,15608
1006,15608
1005,15608
1004,15608
1003,15610
1002,15610
1001,15610
1000,15610
999,15610
998,15610
997,15610
996,15610
995,15611
994,15611
993,15611
992,15611
991,15611
990,15611
989,15611
988,15611
987,15611
986,15611
985,15611
984,15611
983,15611
982,15611
981,15611
980,15611
979,15611
978,15611
977,15611
976,15611
975,15611
974,15611
973,15611
972,15611
971,15611
970,15611
969,15611
968,15611
967,15611
966,15611
965,15611
964,15611
963,15611
962,15611
961,15611
960,15611
959,15611
958,15735
957,15735
956,15737
955,15741
954,15743
953,15743
952,15743
951,15743
950,15743
949,15743
948,15743
947,15743
946,15743
945,15743
944,15743
943,15743
942,15743
941,15743
940,15831
939,15831
938,15831
937,15831
936,15831
935,15832
934,15832
933,15832
932,15834
931,15838
930,15838
929,15838
928,15838
927,15840
926,15840
925,16258
924,16257
923,16257
922,16257
921,16257
920,16257
919,16261
918,16261
917,16261
916,16261
915,16261
914,16261
913,16263
912,16265
911,16271
910,16279
909,16287
908,16293
907,19388
906,19403
905,19411
904,19419
903,19423
902,19427
901,19430
900,19436
899,19437
898,19456
897,19458
896,19471
895,19481
894,19499
893,19503
892,19572
891,19575
890,19587
889,19587
888,19590
887,19590
886,19590
885,19591
884,19928
883,19931
882,19932
881,19937
880,19939
879,19939
878,19940
877,19941
876,19946
875,19951
874,19954
873,19956
872,19956
871,19956
870,19956
869,19956
868,19956
867,19956
866,19957
865,19957
864,19958
863,19962
862,19962
861,19966
860,19966
859,19966
858,19966
857,19966
856,19966
855,19966
854,19966
853,19966
852,19966
851,19966
850,19971
849,19971
848,19973
847,19985
846,19985
845,19989
844,19997
843,19997
842,20016
841,20016
840,20026
839,20026
838,20040
837,20045
836,20053
835,20054
834,20066
833,20066
832,20069
831,20069
830,20077
829,20077
828,20077
827,20081
826,20089
825,20089
824,20089
823,20089
822,20089
821,20089
820,20089
819,20157
818,20157
817,20157
816,20157
815,20157
814,20158
813,20159
812,20159
811,20159
810,20172
809,21585
808,21607
807,21621
806,21648
805,21675
804,21700
803,21621
802,21650
801,21675
800,21797
799,21820
798,22923
797,22946
796,22996
795,23031
794,23066
793,23021
792,23047
791,23147
790,23427
789,23463
788,23499
787,23567
786,23592
785,23843
784,23871
783,23898
782,23947
781,23977
780,24017
779,24037
778,24086
777,24116
776,24128
775,24140
774,24189
773,24207
772,24197
771,24184
770,24213
769,24213
768,24215
767,24216
766,24219
765,24219
764,24211
763,24263
762,24263
761,24263
760,24278
759,24288
758,24288
757,24288
756,24296
755,24304
754,24305
753,24309
752,24313
751,24313
750,24313
749,24313
748,24313
747,24313
746,24313
745,24313
744,24314
743,24314
742,24322
741,24332
740,24348
739,24356
738,24356
737,24360
736,24362
735,24370
734,24379
733,24393
732,24397
731,24406
730,24419
729,24440
728,24466
727,24488
726,24503
725,24516
724,24549
723,24554
722,24562
721,24577
720,24607
719,24622
718,24637
717,24670
716,24687
715,24701
714,24719
713,24739
712,24752
711,24754
710,24755
709,24756
708,24757
707,24759
706,24762
705,24762
704,24764
703,24770
702,24775
701,24776
700,24776
699,24776
698,24780
697,24783
696,24783
695,24784
694,24785
693,24785
692,24785
691,24785
690,24788
689,24795
688,24795
687,24796
686,24798
685,24800
684,24800
683,24801
682,24801
681,24804
680,24805
679,24809
678,24809
677,24815
676,24817
675,24827
674,24838
673,24858
672,24870
671,24884
670,24899
669,24910
668,24922
667,24929
666,24935
665,24950
664,24950
663,25010
662,25010
661,25018
660,25018
659,25066
658,25071
657,25081
656,25087
655,25087
654,25087
653,25137
652,25137
651,25141
650,25142
649,25143
648,25143
647,25143
646,25143
645,25143
644,25147
643,25147
642,25150
641,25150
640,25150
639,25150
638,25155
637,25163
636,25372
635,26311
634,27082
633,27147
632,27161
631,26567
630,26667
629,26839
628,26842
627,26842
626,26846
625,26247
624,26380
623,26400
622,26400
621,26606
620,26681
619,27073
618,27091
617,29496
616,29566
615,32230
614,32292
613,32427
612,32427
611,32427
610,32729
609,32929
608,32929
607,32929
606,32929
605,32930
604,32930
603,32939
602,32943
601,32948
600,32952
599,32962
598,32971
597,32985
596,32985
595,32989
594,32989
593,32997
592,32997
591,33005
590,33005
589,33005
588,33008
587,33008
586,33008
585,33008
584,33008
583,33024
582,33028
581,33040
580,33040
579,33040
578,33040
577,33040
576,33040
575,33040
574,33048
573,33048
572,33053
571,33053
570,33065
569,33082
568,33099
567,33099
566,33099
565,33099
564,33103
563,33103
562,33122
561,33126
560,33126
559,33133
558,33137
557,33149
556,33152
555,33153
554,33161
553,33161
552,33161
551,33161
550,33161
549,33179
548,33185
547,33191
546,33195
545,33195
544,33195
543,33195
542,33195
541,33204
540,33205
539,33205
538,33205
537,33205
536,33205
535,33220
534,33227
533,33229
532,33229
531,33229
530,33229
529,33229
528,33229
527,33229
526,33229
525,33229
524,33229
523,33293
522,33301
521,33357
520,33357
519,33361
518,33369
517,33373
516,33373
515,33437
514,33453
513,33461
512,33517
511,33607
510,33687
509,33687
508,33691
507,33699
506,33703
505,33703
504,33773
503,33773
502,33773
501,33843
500,33843
499,33843
498,33851
497,33851
496,33851
495,33851
494,33851
493,33851
492,33851
491,33853
490,33855
489,33855
488,33855
487,33855
486,33855
485,33855
484,33855
483,33855
482,33855
481,33855
480,33859
479,34283
478,34335
477,34335
476,34335
475,34335
474,34335
473,34335
472,34335
471,34335
470,34335
469,34339
468,34339
467,34339
466,34339
465,34348
464,34348
463,34348
462,34352
461,34352
460,34352
459,34352
458,34352
457,34352
456,34352
455,34352
454,34352
453,34352
452,34354
451,34355
450,34360
449,34364
448,34364
447,34368
446,34372
445,34372
444,34372
443,34372
442,34372
441,34372
440,34396
439,34408
438,34432
437,34444
436,34444
435,34444
434,34504
433,34504
432,34504
431,34504
430,34508
429,34508
428,34512
427,34512
426,34512
425,34668
424,34727
423,34745
422,34745
421,34756
420,34756
419,34756
418,34764
417,34764
416,34812
415,34812
414,34812
413,34812
412,34812
411,34812
410,34812
409,34812
408,34812
407,34824
406,34952
405,34957
404,34965
403,34965
402,34965
401,34965
400,34970
399,34970
398,34970
397,34970
396,35070
395,35070
394,35135
393,35162
392,35285
391,35323
390,35336
389,35366
388,35398
387,35410
386,35434
385,35656
384,35864
383,35930
382,36008
381,36090
380,36146
379,36387
378,36469
377,36559
376,36571
375,36700
374,36733
373,36756
372,36772
371,36929
370,36946
369,36994
368,36994
367,37010
366,37062
365,37066
364,37142
363,37761
362,37809
361,37829
360,37849
359,37891
358,37904
357,38074
356,38273
355,38285
354,38328
353,38358
352,38389
351,38631
350,38639
349,38797
348,39133
347,39146
346,39160
345,39166
344,39350
343,39361
342,39385
341,39419
340,39568
339,39655
338,39742
337,39823
336,39838
335,39848
334,39885
333,39959
332,39994
331,40016
330,40040
329,40097
328,40097
327,40097
326,40106
325,40109
324,40166
323,40166
322,40181
321,40295
320,40344
319,40398
318,40421
317,40454
316,40455
315,40460
314,40460
313,40461
312,40485
311,40498
310,40519
309,40599
308,40625
307,40694
306,40721
305,40817
304,40842
303,40842
302,40872
301,40902
300,41069
299,41096
298,41102
297,41150
296,41150
295,41151
294,41215
293,41216
292,41216
291,41251
290,41317
289,41327
288,41342
287,41347
286,41363
285,41386
284,41406
283,41408
282,41475
281,41484
280,41496
279,41508
278,41534
277,41538
276,41610
275,41642
274,41658
273,41674
272,41674
271,41674
270,41674
269,41674
268,41682
267,41682
266,41682
265,41694
264,41724
263,41727
262,41736
261,41754
260,41766
259,41843
258,41925
257,41949
256,42006
255,42024
254,42061
253,42104
252,42233
251,42314
250,42351
249,42405
248,42627
247,42700
246,42706
245,42723
244,42974
243,43018
242,43110
241,43160
240,43247
239,43284
238,43394
237,43430
236,43446
235,43499
234,43608
233,43623
232,43626
231,43634
230,43634
229,43690
228,43714
227,43756
226,43794
225,43805
224,43815
223,43883
222,43930
221,43951
220,43967
219,43999
218,44039
217,44039
216,44060
215,44060
214,44060
213,44097
212,44097
211,44097
210,44097
209,44103
208,44103
207,44106
206,44141
205,44141
204,44178
203,44193
202,44195
201,44211
200,44215
199,44261
198,44296
197,44334
196,44334
195,44354
194,44358
193,44362
192,44370
191,44382
190,44386
189,44406
188,44476
187,44561
186,44817
185,45797
184,45861
183,45861
182,45941
181,46028
180,46052
179,46136
178,46236
177,46236
176,46252
175,46284
174,46329
173,46332
172,46335
171,46362
170,46437
169,46465
168,46518
167,46601
166,46662
165,46714
164,46730
163,46746
162,46788
161,46857
160,46942
159,46966
158,47023
157,47103
156,47103
155,47371
154,47459
153,47492
152,47590
151,47728
150,49589
149,49748
148,50095
147,50593
146,50697
145,50841
144,51057
143,52288
142,52536
141,53098
140,53393
139,53456
138,53492
137,54068
136,54166
135,55163
134,55535
133,55999
132,56198
131,56946
130,57096
129,58647
128,58851
127,59128
126,59337
125,59512
124,59724
123,59889
122,60603
121,60907
120,61006
119,61085
118,61125
117,61360
116,61408
115,61467
114,61582
113,61828
112,61979
111,62193
110,62626
109,62735
108,62768
107,62847
106,62863
105,62937
104,63012
103,63132
102,63313
101,63662
100,63723
99,63780
98,63994
97,64161
96,64442
95,64836
94,65029
93,65229
92,65401
91,66526
90,66710
89,66718
88,67109
87,67654
86,68185
85,68479
84,68646
83,68769
82,69230
81,69451
80,69570
79,69638
78,69702
77,69744
76,69977
75,70227
74,70309
73,70461
72,70537
71,70663
70,70803
69,70942
68,70989
67,71029
66,71273
65,71477
64,71687
63,71861
62,71926
61,72142
60,72284
59,74235
58,74447
57,74874
56,76068
55,80708
54,81074
53,82294
52,83617
51,86867
50,87061
49,88082
48,88435
47,88785
46,89455
45,89839
44,90009
43,91809
42,92864
41,93371
40,94363
39,97868
38,98548
37,100780
36,101890
35,103693
34,105009
33,109994
32,111703
31,113467
30,114801
29,116162
28,117672
27,119986
26,125483
25,127636
24,129026
23,133551
22,134592
21,135250
20,136108
19,136341
18,136647
17,137159
16,137705
15,139956
14,141604
13,144298
12,145915
11,149509
10,152325
9,155525
8,155720
7,162240
6,162644
5,174796
4,174802
3,177772
2,177772
1,178552
